{"cameraMode":{"drawMode":0,"name":"Shaded","section":"Shading Mode"},"sceneLighting":true,"audioPlay":false,"sceneViewState":{"showFog":true,"showMaterialUpdate":false,"showSkybox":true,"showFlares":true,"showImageEffects":true,"showParticleSystems":true},"in2DMode":false,"pivot":{"x":2.637981414794922,"y":1.3814916610717774,"z":-1.7854124307632447},"rotation":{"x":-0.22944346070289613,"y":0.4043296277523041,"z":-0.10552824288606644,"w":-0.8790680170059204},"size":7.054005146026611,"orthographic":false}